2662,"30996cfd-730f-459b-978b-ff3c50251cda","cIEeOoNZt5","Gene","Beahan","gene.beahan","gene.beahan@email.com","https://robohash.org/suntipsummolestias.png?size=300x300&set=set1","Polygender","+262 452-055-6210","535674162","1973-01-11","{""title"":""Regional Facilitator"",""key_skill"":""Problem solving""}","{""city"":""Anthonyborough"",""street_name"":""Toby Turnpike"",""street_address"":""8749 Seymour Via"",""zip_code"":""65994-1228"",""state"":""Rhode Island"",""country"":""United States"",""coordinates"":{""lat"":6.416737190198617,""lng"":152.06036157062857}}","{""cc_number"":""6771-8977-0359-4815""}","{""plan"":""Basic"",""status"":""Blocked"",""payment_method"":""Alipay"",""term"":""Full subscription""}"
4772,"f45af0f5-0186-4700-8e86-60fe57617d19","T9efrhs5vS","Andy","Cruickshank","andy.cruickshank","andy.cruickshank@email.com","https://robohash.org/iurecorporiset.png?size=300x300&set=set1","Genderqueer","+90 1-595-456-7570 x7640","302119565","1970-04-13","{""title"":""Banking Strategist"",""key_skill"":""Leadership""}","{""city"":""Lake Madelinefort"",""street_name"":""DuBuque Lock"",""street_address"":""771 Taunya Mews"",""zip_code"":""49489-7260"",""state"":""Texas"",""country"":""United States"",""coordinates"":{""lat"":-63.018054107988306,""lng"":84.15383082466627}}","{""cc_number"":""6771-8994-7693-3196""}","{""plan"":""Standard"",""status"":""Idle"",""payment_method"":""Alipay"",""term"":""Payment in advance""}"
2070,"31219451-066a-4b2a-a856-12f9617969a3","e5xU8R9BOQ","Larita","Thompson","larita.thompson","larita.thompson@email.com","https://robohash.org/etconsequaturut.png?size=300x300&set=set1","Agender","+258 885-685-4344 x4281","335267894","1967-01-03","{""title"":""Manufacturing Supervisor"",""key_skill"":""Leadership""}","{""city"":""South Argelia"",""street_name"":""Collin Ports"",""street_address"":""347 Nicholas Neck"",""zip_code"":""43443"",""state"":""North Carolina"",""country"":""United States"",""coordinates"":{""lat"":48.99763101390258,""lng"":136.15870462273205}}","{""cc_number"":""4990-0939-8723-3474""}","{""plan"":""Platinum"",""status"":""Active"",""payment_method"":""Credit card"",""term"":""Monthly""}"
3233,"bb61cc7e-2a78-4918-9742-1834e43e4e1a","muq9KNCedH","Salina","Kub","salina.kub","salina.kub@email.com","https://robohash.org/aeteveniet.png?size=300x300&set=set1","Polygender","+1-246 428.835.7943 x39851","714591633","1986-11-05","{""title"":""Future Accounting Executive"",""key_skill"":""Fast learner""}","{""city"":""Eusebiaside"",""street_name"":""Medhurst Isle"",""street_address"":""61423 Hilde Vista"",""zip_code"":""13244"",""state"":""Massachusetts"",""country"":""United States"",""coordinates"":{""lat"":43.66828165386087,""lng"":-57.30036684215713}}","{""cc_number"":""4531964632582""}","{""plan"":""Standard"",""status"":""Blocked"",""payment_method"":""Bitcoins"",""term"":""Payment in advance""}"
2585,"9adef70c-1486-4af9-a492-b35e5acd19dc","CaDIq4WHnY","Margot","Rau","margot.rau","margot.rau@email.com","https://robohash.org/illooditsimilique.png?size=300x300&set=set1","Agender","+61 755-633-9131 x738","472423177","1969-06-20","{""title"":""Real-Estate Specialist"",""key_skill"":""Confidence""}","{""city"":""East Felicitafort"",""street_name"":""Glover Valleys"",""street_address"":""9147 Zboncak Heights"",""zip_code"":""74638"",""state"":""Indiana"",""country"":""United States"",""coordinates"":{""lat"":87.79543310665568,""lng"":58.37686225210706}}","{""cc_number"":""5472-3503-8274-7522""}","{""plan"":""Silver"",""status"":""Blocked"",""payment_method"":""Debit card"",""term"":""Monthly""}"
4904,"2264dd35-cb37-4c7d-bf18-5e2153d8ad83","z0vR7XSmhK","Miguel","Homenick","miguel.homenick","miguel.homenick@email.com","https://robohash.org/maximedelectusullam.png?size=300x300&set=set1","Polygender","+676 (872) 228-9564 x672","163549553","1979-05-13","{""title"":""Forward Manufacturing Orchestrator"",""key_skill"":""Networking skills""}","{""city"":""Port Ezekielmouth"",""street_name"":""Ellis Pass"",""street_address"":""610 Lisabeth Roads"",""zip_code"":""79920"",""state"":""Kansas"",""country"":""United States"",""coordinates"":{""lat"":-54.203131699724565,""lng"":-172.69661257659024}}","{""cc_number"":""5443-7071-3646-0072""}","{""plan"":""Student"",""status"":""Idle"",""payment_method"":""Google Pay"",""term"":""Monthly""}"
8519,"82d09566-edc8-4516-a84c-fcdfb2105a82","zexQJUK1rm","Jenelle","Johnston","jenelle.johnston","jenelle.johnston@email.com","https://robohash.org/dolorauteos.png?size=300x300&set=set1","Genderqueer","+229 1-121-872-6528 x0871","604437624","1982-08-05","{""title"":""Legal Architect"",""key_skill"":""Organisation""}","{""city"":""Haneview"",""street_name"":""Bednar Freeway"",""street_address"":""159 Morissette Island"",""zip_code"":""06054-3921"",""state"":""North Dakota"",""country"":""United States"",""coordinates"":{""lat"":12.70582656760618,""lng"":68.77156749772541}}","{""cc_number"":""4985782535684""}","{""plan"":""Diamond"",""status"":""Idle"",""payment_method"":""Cash"",""term"":""Payment in advance""}"
2947,"b0c79f7a-b2cf-4317-9af4-e004ebca3782","a3L6m2g1pS","Winfred","Hintz","winfred.hintz","winfred.hintz@email.com","https://robohash.org/utfugiatvoluptatum.png?size=300x300&set=set1","Female","+241 508.126.4907 x404","536225949","1990-12-06","{""title"":""Principal Government Supervisor"",""key_skill"":""Problem solving""}","{""city"":""North Antoniaville"",""street_name"":""Kiehn Spring"",""street_address"":""99763 Hartmann Stravenue"",""zip_code"":""96302"",""state"":""Rhode Island"",""country"":""United States"",""coordinates"":{""lat"":-84.97880015680968,""lng"":-27.271219967552724}}","{""cc_number"":""4515-2980-2166-0220""}","{""plan"":""Diamond"",""status"":""Blocked"",""payment_method"":""Money transfer"",""term"":""Annual""}"
3982,"d694101d-def0-449a-9fde-0071a7fb7352","ocHhbBC7US","Amira","Simonis","amira.simonis","amira.simonis@email.com","https://robohash.org/sintcommodisimilique.png?size=300x300&set=set1","Polygender","+250 1-958-634-1863 x842","478480049","1976-06-08","{""title"":""Customer Accounting Manager"",""key_skill"":""Problem solving""}","{""city"":""Agripinaville"",""street_name"":""Mitchell Drives"",""street_address"":""726 Eric Crossroad"",""zip_code"":""08890"",""state"":""Kentucky"",""country"":""United States"",""coordinates"":{""lat"":-9.693380983138482,""lng"":-35.32822309028188}}","{""cc_number"":""5338-4860-0707-2039""}","{""plan"":""Basic"",""status"":""Pending"",""payment_method"":""Debit card"",""term"":""Monthly""}"
7801,"9ef0f0d8-d1ce-4950-b0f7-98b32890fc66","teh94l2KuO","Shirley","Hirthe","shirley.hirthe","shirley.hirthe@email.com","https://robohash.org/autullamlibero.png?size=300x300&set=set1","Male","+592 (889) 000-3904 x715","514215250","1985-07-16","{""title"":""Future Banking Producer"",""key_skill"":""Confidence""}","{""city"":""Merilynstad"",""street_name"":""Zachariah Estates"",""street_address"":""9530 Madelaine Drive"",""zip_code"":""37713"",""state"":""Nevada"",""country"":""United States"",""coordinates"":{""lat"":-60.88324964605758,""lng"":102.16701728189781}}","{""cc_number"":""5120-0953-5126-2591""}","{""plan"":""Essential"",""status"":""Idle"",""payment_method"":""Cheque"",""term"":""Payment in advance""}"3049,"488c796f-1f6d-49e1-8d43-2b14e727da8a","A82oWvRrbE","Danial","Stehr","danial.stehr","danial.stehr@email.com","https://robohash.org/inventorevoluptatibusillo.png?size=300x300&set=set1","Agender","+1-649 393.994.8358 x247","435726138","2003-02-26","{""title"":""Regional Marketing Executive"",""key_skill"":""Networking skills""}","{""city"":""South Na"",""street_name"":""Micheal Shore"",""street_address"":""914 Felix Village"",""zip_code"":""00507"",""state"":""West Virginia"",""country"":""United States"",""coordinates"":{""lat"":12.779540834254988,""lng"":-165.26172021388786}}","{""cc_number"":""5131-0066-5985-9845""}","{""plan"":""Free Trial"",""status"":""Idle"",""payment_method"":""Cheque"",""term"":""Payment in advance""}"
2721,"ab04ade1-08bc-483d-a3bb-82c289b46f80","vO4fCHl6Z8","Hong","Gerlach","hong.gerlach","hong.gerlach@email.com","https://robohash.org/corporisconsequatureum.png?size=300x300&set=set1","Genderqueer","+686 715.206.5333 x086","926697921","1985-05-26","{""title"":""National Legal Planner"",""key_skill"":""Networking skills""}","{""city"":""Smithburgh"",""street_name"":""Benita Crossroad"",""street_address"":""66390 Dirk Forest"",""zip_code"":""78825"",""state"":""New Hampshire"",""country"":""United States"",""coordinates"":{""lat"":-53.533320809742676,""lng"":-56.59431723797974}}","{""cc_number"":""4741-6926-3446-9464""}","{""plan"":""Premium"",""status"":""Active"",""payment_method"":""Bitcoins"",""term"":""Monthly""}"
1182,"468a5afe-2d1a-4810-991a-65d991ba8785","Dnmhq0dfzJ","Pasquale","Gerhold","pasquale.gerhold","pasquale.gerhold@email.com","https://robohash.org/nostrumestnon.png?size=300x300&set=set1","Genderfluid","+1-649 (384) 734-7350 x329","641656434","2005-09-20","{""title"":""Forward Engineer"",""key_skill"":""Teamwork""}","{""city"":""Silvanaville"",""street_name"":""Bee Freeway"",""street_address"":""874 Bradley Fort"",""zip_code"":""68875-2126"",""state"":""New Hampshire"",""country"":""United States"",""coordinates"":{""lat"":76.78356102771784,""lng"":168.64027065098452}}","{""cc_number"":""6771-8912-4627-3722""}","{""plan"":""Business"",""status"":""Active"",""payment_method"":""WeChat Pay"",""term"":""Full subscription""}"
8035,"17f33189-40c0-49a3-9f6f-4a1414f94516","FexCumq1Gl","Moon","Padberg","moon.padberg","moon.padberg@email.com","https://robohash.org/aliquamquamquia.png?size=300x300&set=set1","Non-binary","+1-441 250-099-0551 x8913","116409087","1965-09-15","{""title"":""Human Specialist"",""key_skill"":""Proactive""}","{""city"":""East Sammieburgh"",""street_name"":""Jast Rue"",""street_address"":""44015 Satterfield Valley"",""zip_code"":""45883-4767"",""state"":""West Virginia"",""country"":""United States"",""coordinates"":{""lat"":-52.5890357926475,""lng"":-169.12641959833104}}","{""cc_number"":""6771-8920-1990-1796""}","{""plan"":""Premium"",""status"":""Idle"",""payment_method"":""Apple Pay"",""term"":""Payment in advance""}"
7304,"0bee8323-4285-427d-8db3-0d3c18fa1d3c","yXZEUSz4oQ","Kaleigh","Koelpin","kaleigh.koelpin","kaleigh.koelpin@email.com","https://robohash.org/possimuscupiditatefacilis.png?size=300x300&set=set1","Agender","+373 (789) 422-8091","544379407","1967-05-25","{""title"":""Real-Estate Representative"",""key_skill"":""Work under pressure""}","{""city"":""North Harryland"",""street_name"":""Kovacek Street"",""street_address"":""57736 Mayert Trail"",""zip_code"":""02208"",""state"":""Oklahoma"",""country"":""United States"",""coordinates"":{""lat"":19.348841343990955,""lng"":0.6869278017416605}}","{""cc_number"":""4279187677196""}","{""plan"":""Business"",""status"":""Idle"",""payment_method"":""Visa checkout"",""term"":""Annual""}"
46,"e25650f7-06d6-443b-a332-d9f7f700193d","bp6XZyVJFu","Leonora","Quigley","leonora.quigley","leonora.quigley@email.com","https://robohash.org/voluptatemquodnobis.png?size=300x300&set=set1","Male","+1-268 1-133-668-8417 x9916","188360861","1971-07-23","{""title"":""Healthcare Analyst"",""key_skill"":""Communication""}","{""city"":""Kozeychester"",""street_name"":""Pollich Alley"",""street_address"":""85450 Antwan Tunnel"",""zip_code"":""43715-2938"",""state"":""Michigan"",""country"":""United States"",""coordinates"":{""lat"":26.48368225094009,""lng"":-95.22484704237917}}","{""cc_number"":""5388-0423-6219-5888""}","{""plan"":""Student"",""status"":""Blocked"",""payment_method"":""Cash"",""term"":""Annual""}"
3506,"e0b2b8cd-4547-48fe-9efd-05910ac5ece1","jwxh2qskgN","Felipe","Barton","felipe.barton","felipe.barton@email.com","https://robohash.org/autemevenietvoluptatibus.png?size=300x300&set=set1","Female","+350 (812) 830-0833 x86519","963398607","1972-02-13","{""title"":""Human Retail Agent"",""key_skill"":""Organisation""}","{""city"":""Lelaburgh"",""street_name"":""Felton Skyway"",""street_address"":""992 Nigel Mountains"",""zip_code"":""63867-6736"",""state"":""Indiana"",""country"":""United States"",""coordinates"":{""lat"":-87.77131733573758,""lng"":45.25989351663469}}","{""cc_number"":""4957612483781""}","{""plan"":""Diamond"",""status"":""Idle"",""payment_method"":""WeChat Pay"",""term"":""Annual""}"
2316,"2adf4921-a3e6-427e-8866-c6d187c1aa83","J8kxnMFsNL","Joyce","Padberg","joyce.padberg","joyce.padberg@email.com","https://robohash.org/beataeenimpariatur.png?size=300x300&set=set1","Male","+235 777-690-6842 x275","339128514","1976-08-05","{""title"":""Real-Estate Representative"",""key_skill"":""Teamwork""}","{""city"":""Lake Maynard"",""street_name"":""Deborah Vista"",""street_address"":""446 Abbott Mountains"",""zip_code"":""80866-2493"",""state"":""Idaho"",""country"":""United States"",""coordinates"":{""lat"":45.38983372176514,""lng"":-111.71734958410197}}","{""cc_number"":""4429-7524-3653-6792""}","{""plan"":""Starter"",""status"":""Blocked"",""payment_method"":""Bitcoins"",""term"":""Monthly""}"
7355,"ce4874f4-f391-490e-8369-849addd4a54e","59b8cLVSqm","Debbie","Williamson","debbie.williamson","debbie.williamson@email.com","https://robohash.org/eaquiafacere.png?size=300x300&set=set1","Male","+52 496-325-5455 x94050","669252884","2000-07-25","{""title"":""Lead Construction Manager"",""key_skill"":""Networking skills""}","{""city"":""East Terrence"",""street_name"":""Baumbach Isle"",""street_address"":""410 Volkman Trail"",""zip_code"":""87959-6640"",""state"":""Pennsylvania"",""country"":""United States"",""coordinates"":{""lat"":0.6374540332247562,""lng"":-33.13859026124686}}","{""cc_number"":""4649244227344""}","{""plan"":""Professional"",""status"":""Active"",""payment_method"":""Alipay"",""term"":""Monthly""}"
1883,"69e8a744-f0d5-4916-8e89-905cc3c07578","8Pl7uJWbAc","Marcel","Dickinson","marcel.dickinson","marcel.dickinson@email.com","https://robohash.org/quomagnamaliquam.png?size=300x300&set=set1","Genderfluid","+95 860.067.5513 x2793","619888092","1967-12-13","{""title"":""Corporate Representative"",""key_skill"":""Technical savvy""}","{""city"":""Schillerfurt"",""street_name"":""Runolfsdottir Mill"",""street_address"":""2885 Buford Green"",""zip_code"":""42987-3230"",""state"":""Idaho"",""country"":""United States"",""coordinates"":{""lat"":-83.04957027162,""lng"":-77.76816814657359}}","{""cc_number"":""5280-1083-7822-8580""}","{""plan"":""Gold"",""status"":""Idle"",""payment_method"":""Money transfer"",""term"":""Monthly""}"153,"8441718a-bc2d-48c8-aee6-92619392e07d","ybWgi4HnAU","Artie","Homenick","artie.homenick","artie.homenick@email.com","https://robohash.org/omnisvitaeinventore.png?size=300x300&set=set1","Polygender","+505 (105) 289-2905 x400","416525830","1966-06-21","{""title"":""Design Director"",""key_skill"":""Work under pressure""}","{""city"":""South Nannette"",""street_name"":""Wolff Mill"",""street_address"":""102 Buckridge Grove"",""zip_code"":""01303"",""state"":""Delaware"",""country"":""United States"",""coordinates"":{""lat"":72.50724628771675,""lng"":59.793040394513724}}","{""cc_number"":""5160-5534-9026-6502""}","{""plan"":""Gold"",""status"":""Blocked"",""payment_method"":""Bitcoins"",""term"":""Monthly""}"
3819,"1d12a4a1-5024-4ec5-9ece-e99076ca06af","stB5WfiDh6","Shante","Mraz","shante.mraz","shante.mraz@email.com","https://robohash.org/sapienteveniamaut.png?size=300x300&set=set1","Female","+385 557.814.8391 x18460","959494444","2000-04-21","{""title"":""Healthcare Consultant"",""key_skill"":""Networking skills""}","{""city"":""East Benjamin"",""street_name"":""Simonis Harbors"",""street_address"":""7152 Lakenya Island"",""zip_code"":""86203"",""state"":""Wisconsin"",""country"":""United States"",""coordinates"":{""lat"":-59.636301129337625,""lng"":-87.00375202228463}}","{""cc_number"":""4280-1831-4538-6857""}","{""plan"":""Student"",""status"":""Active"",""payment_method"":""Visa checkout"",""term"":""Full subscription""}"
4179,"df8c4745-61fc-4d9e-b0ef-18475ec9ebc3","XLynHEokqz","Irvin","Weimann","irvin.weimann","irvin.weimann@email.com","https://robohash.org/sitautet.png?size=300x300&set=set1","Bigender","+250 1-986-975-3501 x54948","773171152","1960-02-23","{""title"":""Consulting Agent"",""key_skill"":""Fast learner""}","{""city"":""New Andreaston"",""street_name"":""Bauch Place"",""street_address"":""260 Toy Light"",""zip_code"":""75600-1437"",""state"":""Kansas"",""country"":""United States"",""coordinates"":{""lat"":21.671098107376793,""lng"":-133.3942659841877}}","{""cc_number"":""6771-8990-6817-4555""}","{""plan"":""Platinum"",""status"":""Idle"",""payment_method"":""Google Pay"",""term"":""Monthly""}"
4551,"49e889f0-afff-40fb-8de0-52c9f34633cf","Y3WoRsg8wE","Mac","Reichert","mac.reichert","mac.reichert@email.com","https://robohash.org/rerumtotamnon.png?size=300x300&set=set1","Polygender","+977 870-511-7762 x218","237726393","1991-04-09","{""title"":""Global Technology Assistant"",""key_skill"":""Leadership""}","{""city"":""Murrayhaven"",""street_name"":""Bobby Fords"",""street_address"":""766 Gerard Lights"",""zip_code"":""81804-9779"",""state"":""Iowa"",""country"":""United States"",""coordinates"":{""lat"":-67.78763893393233,""lng"":71.02532310284556}}","{""cc_number"":""5142-9957-7754-5616""}","{""plan"":""Premium"",""status"":""Blocked"",""payment_method"":""Credit card"",""term"":""Full subscription""}"
9011,"b171efe3-d4eb-4137-8331-96ca0baa2ac9","ECJOVGd6tm","Jacinda","Rolfson","jacinda.rolfson","jacinda.rolfson@email.com","https://robohash.org/nonconsequaturrepellendus.png?size=300x300&set=set1","Genderqueer","+218 (707) 249-5492 x446","476817523","2004-03-10","{""title"":""Marketing Producer"",""key_skill"":""Communication""}","{""city"":""New Richard"",""street_name"":""Stanton Islands"",""street_address"":""944 Howell Valley"",""zip_code"":""49755-0413"",""state"":""Florida"",""country"":""United States"",""coordinates"":{""lat"":89.77726329976065,""lng"":-125.29482736156211}}","{""cc_number"":""6771-8955-4037-7246""}","{""plan"":""Platinum"",""status"":""Active"",""payment_method"":""Money transfer"",""term"":""Annual""}"
1823,"e59658cc-d99d-438e-ac8a-4b7f776b48e2","nSIeoiMbHr","Juliann","Langworth","juliann.langworth","juliann.langworth@email.com","https://robohash.org/teneturquimolestiae.png?size=300x300&set=set1","Male","+61 (823) 947-1860","979695764","1970-07-20","{""title"":""Hospitality Agent"",""key_skill"":""Fast learner""}","{""city"":""Ullrichland"",""street_name"":""Borer Summit"",""street_address"":""2756 Candance Fork"",""zip_code"":""50717"",""state"":""Connecticut"",""country"":""United States"",""coordinates"":{""lat"":-54.576760268091085,""lng"":-176.06186712486763}}","{""cc_number"":""5369-3606-5363-0121""}","{""plan"":""Bronze"",""status"":""Pending"",""payment_method"":""Apple Pay"",""term"":""Payment in advance""}"
1508,"0a92b06f-ecaa-4982-b15f-9e6c8a418958","dzgh9Vw5Qn","Leonardo","Goodwin","leonardo.goodwin","leonardo.goodwin@email.com","https://robohash.org/officiisnonquia.png?size=300x300&set=set1","Male","+688 672.453.4606","237677463","1997-01-18","{""title"":""Banking Orchestrator"",""key_skill"":""Leadership""}","{""city"":""North Keely"",""street_name"":""Odis Roads"",""street_address"":""80790 Mills Gardens"",""zip_code"":""71294-8747"",""state"":""California"",""country"":""United States"",""coordinates"":{""lat"":24.753597558973638,""lng"":143.60454013649957}}","{""cc_number"":""4555732074405""}","{""plan"":""Starter"",""status"":""Blocked"",""payment_method"":""Visa checkout"",""term"":""Annual""}"
9746,"391e529f-f607-49f9-8469-a65497c63249","GO6PrunocT","Vernon","Schmitt","vernon.schmitt","vernon.schmitt@email.com","https://robohash.org/autrerumexcepturi.png?size=300x300&set=set1","Male","+880 955-517-9035 x04414","609144266","1993-03-30","{""title"":""Lead Government Executive"",""key_skill"":""Technical savvy""}","{""city"":""Wiegandside"",""street_name"":""Antonia Parkway"",""street_address"":""2707 Marquardt Cape"",""zip_code"":""73453-9028"",""state"":""Maryland"",""country"":""United States"",""coordinates"":{""lat"":53.68320794885071,""lng"":-75.10921043219835}}","{""cc_number"":""6771-8970-5150-4051""}","{""plan"":""Bronze"",""status"":""Blocked"",""payment_method"":""Cash"",""term"":""Full subscription""}"
9424,"4249758e-cd58-4538-8f6d-e170e0907565","6BtvL0P5oM","Steve","Crona","steve.crona","steve.crona@email.com","https://robohash.org/eaqueoptioeveniet.png?size=300x300&set=set1","Bigender","+1 (509) 604-4309","705824779","1985-08-05","{""title"":""Manufacturing Associate"",""key_skill"":""Teamwork""}","{""city"":""Terrellton"",""street_name"":""Daugherty View"",""street_address"":""25712 Cari Centers"",""zip_code"":""31127-8516"",""state"":""Hawaii"",""country"":""United States"",""coordinates"":{""lat"":-76.50126809789134,""lng"":109.22887384779676}}","{""cc_number"":""4722583110692""}","{""plan"":""Diamond"",""status"":""Active"",""payment_method"":""Alipay"",""term"":""Full subscription""}"
441,"05cd17a4-a575-488a-ba81-78ad336f0231","RK3Baz5eXs","Alana","McGlynn","alana.mcglynn","alana.mcglynn@email.com","https://robohash.org/vitaeeavoluptatibus.png?size=300x300&set=set1","Genderqueer","+265 (885) 581-6838 x7500","214332157","2002-12-23","{""title"":""Legacy Farming Specialist"",""key_skill"":""Teamwork""}","{""city"":""East Kasha"",""street_name"":""Thurman Forest"",""street_address"":""4846 Ronny Pike"",""zip_code"":""25148-9105"",""state"":""Arizona"",""country"":""United States"",""coordinates"":{""lat"":-34.98577876517179,""lng"":-96.47860205765237}}","{""cc_number"":""5197-0289-9873-5065""}","{""plan"":""Student"",""status"":""Pending"",""payment_method"":""Google Pay"",""term"":""Annual""}"1256,"8ffce496-ea78-4f30-b599-1e97ad8b4ce4","x6sZqS5hBX","Oralia","Stroman","oralia.stroman","oralia.stroman@email.com","https://robohash.org/dignissimosdeserunterror.png?size=300x300&set=set1","Genderfluid","+269 818-427-6596 x13541","370264483","1970-05-09","{""title"":""Direct Strategist"",""key_skill"":""Leadership""}","{""city"":""New Carroll"",""street_name"":""Cleo Trail"",""street_address"":""61757 Robbyn Summit"",""zip_code"":""41421-8680"",""state"":""New Jersey"",""country"":""United States"",""coordinates"":{""lat"":50.191531694713774,""lng"":-178.90304929731892}}","{""cc_number"":""6771-8971-5456-6098""}","{""plan"":""Free Trial"",""status"":""Pending"",""payment_method"":""Paypal"",""term"":""Monthly""}"
8244,"a8d849a5-325b-4593-941e-d38159f49f0b","rRIJ0YxUdw","Freddie","Zulauf","freddie.zulauf","freddie.zulauf@email.com","https://robohash.org/excepturisintinventore.png?size=300x300&set=set1","Female","+58 910.119.3596","490061082","1971-03-31","{""title"":""Healthcare Architect"",""key_skill"":""Confidence""}","{""city"":""Georgiannaland"",""street_name"":""Ferry Turnpike"",""street_address"":""51448 Lester Crossroad"",""zip_code"":""89102"",""state"":""Maryland"",""country"":""United States"",""coordinates"":{""lat"":38.45760066009976,""lng"":-175.14631058325978}}","{""cc_number"":""5468-4514-7938-3407""}","{""plan"":""Gold"",""status"":""Pending"",""payment_method"":""Google Pay"",""term"":""Annual""}"
5550,"f828d05c-1af6-482b-a20d-0c23205baa75","8qUbR4wfGK","Bernard","Flatley","bernard.flatley","bernard.flatley@email.com","https://robohash.org/occaecaticonsecteturquaerat.png?size=300x300&set=set1","Bigender","+61-8 580-355-6236","986482578","1965-02-16","{""title"":""Marketing Strategist"",""key_skill"":""Networking skills""}","{""city"":""MacGyverland"",""street_name"":""Kory Way"",""street_address"":""85943 Balistreri Skyway"",""zip_code"":""28091"",""state"":""New Jersey"",""country"":""United States"",""coordinates"":{""lat"":-88.037545502882,""lng"":44.37308681594297}}","{""cc_number"":""6771-8999-0977-0470""}","{""plan"":""Standard"",""status"":""Active"",""payment_method"":""Paypal"",""term"":""Payment in advance""}"
1470,"ee0de864-1920-425d-b1d6-3e77cc79d8ef","XKxV72HLEf","Irvin","Bernier","irvin.bernier","irvin.bernier@email.com","https://robohash.org/laborevoluptatedolor.png?size=300x300&set=set1","Genderfluid","+63 (946) 692-9370 x066","715973012","1974-07-19","{""title"":""Senior Retail Assistant"",""key_skill"":""Technical savvy""}","{""city"":""Carrollshire"",""street_name"":""Gail Loaf"",""street_address"":""11950 Lera Spurs"",""zip_code"":""59306-1217"",""state"":""Colorado"",""country"":""United States"",""coordinates"":{""lat"":-75.3414967289355,""lng"":-144.41484461440186}}","{""cc_number"":""5483-6558-9789-6706""}","{""plan"":""Student"",""status"":""Active"",""payment_method"":""Visa checkout"",""term"":""Payment in advance""}"
6159,"594517b6-3bd1-4e88-86ed-017a25aad8f4","5xCLESrdWX","Colby","Balistreri","colby.balistreri","colby.balistreri@email.com","https://robohash.org/utsolutadolore.png?size=300x300&set=set1","Male","+239 1-392-462-8832 x3885","747531788","1999-02-15","{""title"":""Corporate Real-Estate Developer"",""key_skill"":""Self-motivated""}","{""city"":""Morrismouth"",""street_name"":""Daniel Mills"",""street_address"":""516 O'Keefe Place"",""zip_code"":""19647"",""state"":""Maryland"",""country"":""United States"",""coordinates"":{""lat"":61.22745298839456,""lng"":-106.67554074093503}}","{""cc_number"":""4458-4055-4004-4120""}","{""plan"":""Essential"",""status"":""Blocked"",""payment_method"":""Paypal"",""term"":""Payment in advance""}"
8052,"2847da91-a6aa-49ce-8d45-21b1ea90a035","qAplPr83iE","Dexter","Schmeler","dexter.schmeler","dexter.schmeler@email.com","https://robohash.org/repellatasperioresmagnam.png?size=300x300&set=set1","Polygender","+225 730-918-4216 x7359","246594774","1980-08-05","{""title"":""Administration Assistant"",""key_skill"":""Leadership""}","{""city"":""New Corinna"",""street_name"":""Johnston Mountain"",""street_address"":""6989 Donnell Points"",""zip_code"":""33760"",""state"":""Michigan"",""country"":""United States"",""coordinates"":{""lat"":-84.40630313237938,""lng"":-173.82124390188463}}","{""cc_number"":""4398-9106-8016-8608""}","{""plan"":""Basic"",""status"":""Pending"",""payment_method"":""Visa checkout"",""term"":""Monthly""}"
6485,"1d110449-80e3-460b-b82b-fce0c8476a5a","Wqapnb47il","Versie","Klocko","versie.klocko","versie.klocko@email.com","https://robohash.org/suscipitavoluptas.png?size=300x300&set=set1","Genderqueer","+258 1-182-171-5419 x726","389998188","1970-12-23","{""title"":""Banking Associate"",""key_skill"":""Technical savvy""}","{""city"":""South Caseyhaven"",""street_name"":""Nanette Bridge"",""street_address"":""498 Nikolaus Circles"",""zip_code"":""45404"",""state"":""New Jersey"",""country"":""United States"",""coordinates"":{""lat"":-62.784251278692054,""lng"":-128.91246083619006}}","{""cc_number"":""6771-8992-3862-9520""}","{""plan"":""Diamond"",""status"":""Blocked"",""payment_method"":""Debit card"",""term"":""Payment in advance""}"
4762,"1b8df5cc-61ee-4e85-a574-cc70a7cdcdac","pH4Zf2bu9o","Lesley","Boyle","lesley.boyle","lesley.boyle@email.com","https://robohash.org/expeditamolestiaedignissimos.png?size=300x300&set=set1","Agender","+238 330-637-7633 x216","963008420","2005-10-01","{""title"":""District Manager"",""key_skill"":""Technical savvy""}","{""city"":""Hegmannborough"",""street_name"":""Guy Cape"",""street_address"":""600 Luis Unions"",""zip_code"":""61430-0688"",""state"":""Ohio"",""country"":""United States"",""coordinates"":{""lat"":19.893080639368947,""lng"":-3.1669731920408424}}","{""cc_number"":""4340-0818-2908-0028""}","{""plan"":""Premium"",""status"":""Idle"",""payment_method"":""Paypal"",""term"":""Annual""}"
9377,"57a51c2d-f7af-4d9d-bf6b-6c9e7db1eb65","rnScNGKUs5","Tamekia","Pfeffer","tamekia.pfeffer","tamekia.pfeffer@email.com","https://robohash.org/porrovoluptatevel.png?size=300x300&set=set1","Agender","+421 (436) 161-4706 x3825","904264587","1974-05-30","{""title"":""Legal Developer"",""key_skill"":""Technical savvy""}","{""city"":""Yostberg"",""street_name"":""Kovacek Locks"",""street_address"":""64954 Yasmine Underpass"",""zip_code"":""58882"",""state"":""Vermont"",""country"":""United States"",""coordinates"":{""lat"":81.04503342490176,""lng"":157.43256942443878}}","{""cc_number"":""5471-2107-1591-5355""}","{""plan"":""Premium"",""status"":""Active"",""payment_method"":""Money transfer"",""term"":""Full subscription""}"
1758,"5fc47d5c-34ac-473f-b7dc-a9b1ee2ec2c3","2YPg6Hyh9A","Ivan","Padberg","ivan.padberg","ivan.padberg@email.com","https://robohash.org/voluptasmodiest.png?size=300x300&set=set1","Bigender","+850 1-322-194-3843 x558","331093351","1988-03-24","{""title"":""Manufacturing Supervisor"",""key_skill"":""Self-motivated""}","{""city"":""South Jerry"",""street_name"":""Herman Light"",""street_address"":""512 Christiansen Mission"",""zip_code"":""81859-8560"",""state"":""Delaware"",""country"":""United States"",""coordinates"":{""lat"":76.17377949715086,""lng"":145.42689542008912}}","{""cc_number"":""4519046758145""}","{""plan"":""Silver"",""status"":""Idle"",""payment_method"":""Bitcoins"",""term"":""Payment in advance""}"4862,"1c646894-a111-4e84-bdfd-43beb9b84158","ATwGvmsK7z","Letitia","Haley","letitia.haley","letitia.haley@email.com","https://robohash.org/autidsequi.png?size=300x300&set=set1","Genderqueer","+216 647.248.1902 x6684","478661341","1995-07-05","{""title"":""Investor Farming Representative"",""key_skill"":""Self-motivated""}","{""city"":""South Marlinmouth"",""street_name"":""Daniel Cliffs"",""street_address"":""1726 Fisher Corners"",""zip_code"":""34617"",""state"":""Washington"",""country"":""United States"",""coordinates"":{""lat"":47.92014736516012,""lng"":1.3943648711984622}}","{""cc_number"":""5378-2463-1485-9903""}","{""plan"":""Gold"",""status"":""Pending"",""payment_method"":""Apple Pay"",""term"":""Annual""}"
1093,"034cee92-3f15-4399-b8d0-bf01e29df0a3","wdsC3XziZu","Josef","Fay","josef.fay","josef.fay@email.com","https://robohash.org/namquidolores.png?size=300x300&set=set1","Genderqueer","+504 412.728.1000 x9015","949640445","1959-07-02","{""title"":""Investor Mining Executive"",""key_skill"":""Work under pressure""}","{""city"":""Marjoriestad"",""street_name"":""Marceline Parks"",""street_address"":""5164 Annabel Field"",""zip_code"":""65579"",""state"":""Montana"",""country"":""United States"",""coordinates"":{""lat"":-82.4055708473482,""lng"":-135.09561644784023}}","{""cc_number"":""6771-8989-1947-7548""}","{""plan"":""Premium"",""status"":""Idle"",""payment_method"":""Debit card"",""term"":""Annual""}"
4519,"d8c518f9-c466-4777-b66e-29bbcb5c629c","DHz2YZlQxE","Kendall","Klein","kendall.klein","kendall.klein@email.com","https://robohash.org/enimperspiciatisexplicabo.png?size=300x300&set=set1","Non-binary","+216 886-259-5893 x593","260936992","1963-02-06","{""title"":""International Healthcare Consultant"",""key_skill"":""Leadership""}","{""city"":""Juniormouth"",""street_name"":""Rocio Avenue"",""street_address"":""257 Chauncey Crossing"",""zip_code"":""06602-9741"",""state"":""Louisiana"",""country"":""United States"",""coordinates"":{""lat"":34.981167851034684,""lng"":-107.43369780358981}}","{""cc_number"":""4772-3636-1461-8981""}","{""plan"":""Basic"",""status"":""Blocked"",""payment_method"":""WeChat Pay"",""term"":""Payment in advance""}"
3944,"f0b828e0-5b32-4eea-84ef-73e747efe9e8","DNwPXa0orv","Cleveland","Cremin","cleveland.cremin","cleveland.cremin@email.com","https://robohash.org/voluptatumculparepellat.png?size=300x300&set=set1","Female","+809 (971) 191-3649 x37892","745441733","1963-06-19","{""title"":""Dynamic Banking Orchestrator"",""key_skill"":""Organisation""}","{""city"":""South Benny"",""street_name"":""Lacy Lodge"",""street_address"":""67011 Kent Shores"",""zip_code"":""00390-6162"",""state"":""Arizona"",""country"":""United States"",""coordinates"":{""lat"":-20.193491133887832,""lng"":-164.8089948976936}}","{""cc_number"":""6771-8917-4065-8105""}","{""plan"":""Professional"",""status"":""Idle"",""payment_method"":""Paypal"",""term"":""Monthly""}"
3994,"05fa0b50-cd4a-4563-ab24-2119179239e9","zYDChFwdAB","Dennis","Labadie","dennis.labadie","dennis.labadie@email.com","https://robohash.org/itaquesitvoluptatem.png?size=300x300&set=set1","Female","+33 584.614.0147 x52436","619994536","1981-04-11","{""title"":""IT Engineer"",""key_skill"":""Fast learner""}","{""city"":""Langmouth"",""street_name"":""Letha View"",""street_address"":""53162 Auer Stravenue"",""zip_code"":""58804-9495"",""state"":""Michigan"",""country"":""United States"",""coordinates"":{""lat"":-37.00089522856732,""lng"":119.29827670775893}}","{""cc_number"":""6771-8926-2463-7140""}","{""plan"":""Student"",""status"":""Idle"",""payment_method"":""Apple Pay"",""term"":""Monthly""}"
5755,"8264f60c-1db6-4dc5-9622-cd121b94e260","eNAaKyLO8z","Antoine","Howell","antoine.howell","antoine.howell@email.com","https://robohash.org/suntdoloremet.png?size=300x300&set=set1","Bigender","+995 (903) 491-6777 x8145","555171560","1979-10-18","{""title"":""Senior Construction Engineer"",""key_skill"":""Technical savvy""}","{""city"":""Purdyfort"",""street_name"":""Sherise Fort"",""street_address"":""2540 Walter View"",""zip_code"":""50323-6290"",""state"":""Iowa"",""country"":""United States"",""coordinates"":{""lat"":-72.80834051163808,""lng"":73.02554627684702}}","{""cc_number"":""4638-0531-3645-6424""}","{""plan"":""Student"",""status"":""Pending"",""payment_method"":""Cheque"",""term"":""Payment in advance""}"
8290,"29a0b158-4bbc-48df-b102-c8936b99177e","Obc2DKY8mk","Louetta","Hessel","louetta.hessel","louetta.hessel@email.com","https://robohash.org/sitsedpraesentium.png?size=300x300&set=set1","Polygender","+962 1-512-429-8193 x86647","737423624","1989-09-05","{""title"":""Administration Manager"",""key_skill"":""Self-motivated""}","{""city"":""Breechester"",""street_name"":""Ritchie Cape"",""street_address"":""575 Brett Drive"",""zip_code"":""69613"",""state"":""Texas"",""country"":""United States"",""coordinates"":{""lat"":-6.450781902384961,""lng"":86.52434102736845}}","{""cc_number"":""6771-8959-6455-2126""}","{""plan"":""Essential"",""status"":""Blocked"",""payment_method"":""Alipay"",""term"":""Full subscription""}"
4235,"decae08c-6259-4944-a259-99044bce96ef","CdExGNUMgz","Hiroko","Grant","hiroko.grant","hiroko.grant@email.com","https://robohash.org/omniseosquo.png?size=300x300&set=set1","Genderqueer","+358 1-600-221-0905 x47647","586668501","1991-08-31","{""title"":""Community-Services Designer"",""key_skill"":""Problem solving""}","{""city"":""South Leeborough"",""street_name"":""Boyle Island"",""street_address"":""9320 Kshlerin Knoll"",""zip_code"":""30222-4400"",""state"":""Wisconsin"",""country"":""United States"",""coordinates"":{""lat"":-41.91028327698435,""lng"":146.8140058078281}}","{""cc_number"":""6771-8987-6212-0021""}","{""plan"":""Business"",""status"":""Blocked"",""payment_method"":""Cash"",""term"":""Payment in advance""}"
6679,"86926084-7829-4c7b-9303-bdd92a3664e7","v7fIbZaGSM","Sondra","Kreiger","sondra.kreiger","sondra.kreiger@email.com","https://robohash.org/etabillo.png?size=300x300&set=set1","Genderqueer","+974 (856) 072-5494 x714","744194531","1990-02-05","{""title"":""Marketing Director"",""key_skill"":""Leadership""}","{""city"":""West Ernesto"",""street_name"":""Lubowitz Underpass"",""street_address"":""3416 Wuckert Estate"",""zip_code"":""03247-2504"",""state"":""Oregon"",""country"":""United States"",""coordinates"":{""lat"":11.236051829987147,""lng"":-90.50049604966343}}","{""cc_number"":""4513-1320-9375-2932""}","{""plan"":""Starter"",""status"":""Active"",""payment_method"":""WeChat Pay"",""term"":""Payment in advance""}"
502,"c14eb2bf-6d03-4d2b-8971-e3965078b85f","ntUuBOs8PR","Dominick","McDermott","dominick.mcdermott","dominick.mcdermott@email.com","https://robohash.org/rerumlaborumaut.png?size=300x300&set=set1","Genderfluid","+263 1-979-584-2174 x724","514838101","1994-02-12","{""title"":""International Real-Estate Producer"",""key_skill"":""Problem solving""}","{""city"":""Lawandatown"",""street_name"":""Noriko Bridge"",""street_address"":""96798 Joette Glen"",""zip_code"":""02532-2508"",""state"":""Kansas"",""country"":""United States"",""coordinates"":{""lat"":0.13003349908524342,""lng"":-141.6694595466145}}","{""cc_number"":""4346009469068""}","{""plan"":""Essential"",""status"":""Pending"",""payment_method"":""Debit card"",""term"":""Full subscription""}"4865,"63facbc3-6e8e-45c1-9e6a-57d13bdc4a7d","ztUvbcilVW","Fredda","Bartoletti","fredda.bartoletti","fredda.bartoletti@email.com","https://robohash.org/totamnullaoptio.png?size=300x300&set=set1","Female","+690 669.407.1484 x3049","296433709","1983-01-30","{""title"":""Product Associate"",""key_skill"":""Communication""}","{""city"":""Goldnerchester"",""street_name"":""Catherine Well"",""street_address"":""7463 Franklin Place"",""zip_code"":""93345-6503"",""state"":""Missouri"",""country"":""United States"",""coordinates"":{""lat"":56.37224217917719,""lng"":-40.94416675849473}}","{""cc_number"":""6771-8928-6610-2522""}","{""plan"":""Silver"",""status"":""Pending"",""payment_method"":""Credit card"",""term"":""Payment in advance""}"
6175,"9498cab3-580f-4355-bad8-537f84eecca9","dcCLW1HRDo","Kathrin","Gibson","kathrin.gibson","kathrin.gibson@email.com","https://robohash.org/utautconsectetur.png?size=300x300&set=set1","Non-binary","+221 (824) 594-5581 x291","958346165","1988-03-12","{""title"":""Construction Strategist"",""key_skill"":""Leadership""}","{""city"":""West Haydenburgh"",""street_name"":""Jeneva Crest"",""street_address"":""9393 Cathrine Cape"",""zip_code"":""34836-1960"",""state"":""Arizona"",""country"":""United States"",""coordinates"":{""lat"":-33.12108992257388,""lng"":106.13664008767034}}","{""cc_number"":""6771-8995-8902-3174""}","{""plan"":""Basic"",""status"":""Blocked"",""payment_method"":""Visa checkout"",""term"":""Payment in advance""}"
7117,"29d4dea5-92eb-4b4d-aa67-48c52edf9215","HLqTf8rKM9","Tamra","Kris","tamra.kris","tamra.kris@email.com","https://robohash.org/nobisrecusandaeest.png?size=300x300&set=set1","Non-binary","+238 1-483-847-3121 x301","901407429","1983-05-18","{""title"":""Future Agent"",""key_skill"":""Confidence""}","{""city"":""Odaville"",""street_name"":""Friesen Forge"",""street_address"":""11098 Luther Ways"",""zip_code"":""48886-8541"",""state"":""Connecticut"",""country"":""United States"",""coordinates"":{""lat"":-49.37256157285182,""lng"":-36.192332039275726}}","{""cc_number"":""4174739614567""}","{""plan"":""Essential"",""status"":""Active"",""payment_method"":""Credit card"",""term"":""Payment in advance""}"
336,"2ef8a967-514d-4f81-82f1-b6710c80709b","6VRnNc4rOZ","Pedro","Mueller","pedro.mueller","pedro.mueller@email.com","https://robohash.org/sitteneturvelit.png?size=300x300&set=set1","Genderqueer","+238 (548) 566-9766","265650697","1982-05-21","{""title"":""Advertising Officer"",""key_skill"":""Organisation""}","{""city"":""Langworthmouth"",""street_name"":""Mertz Point"",""street_address"":""95709 Eddie Vista"",""zip_code"":""46306"",""state"":""Oregon"",""country"":""United States"",""coordinates"":{""lat"":-54.30912164058268,""lng"":105.17853519404281}}","{""cc_number"":""4343895303584""}","{""plan"":""Platinum"",""status"":""Idle"",""payment_method"":""Visa checkout"",""term"":""Full subscription""}"
338,"3f335827-437f-44d8-8ea2-ffd7431a47b4","JitwjM719C","Israel","Quigley","israel.quigley","israel.quigley@email.com","https://robohash.org/commodivoluptaseum.png?size=300x300&set=set1","Bigender","+1-473 (136) 411-5694 x0373","740936398","1959-09-07","{""title"":""Chief Farming Developer"",""key_skill"":""Networking skills""}","{""city"":""Towneville"",""street_name"":""Corliss Lights"",""street_address"":""2036 Stracke Trail"",""zip_code"":""47445-9995"",""state"":""Michigan"",""country"":""United States"",""coordinates"":{""lat"":-6.108102652900087,""lng"":-62.87024694405413}}","{""cc_number"":""4284-6854-2567-9856""}","{""plan"":""Diamond"",""status"":""Pending"",""payment_method"":""WeChat Pay"",""term"":""Full subscription""}"
8811,"1e7b1147-d737-407c-8110-2f460e362f83","JUOMT0gKWk","Cristobal","Gulgowski","cristobal.gulgowski","cristobal.gulgowski@email.com","https://robohash.org/etevenietipsam.png?size=300x300&set=set1","Agender","+30 161.293.4648 x4365","344348917","2002-11-11","{""title"":""IT Supervisor"",""key_skill"":""Organisation""}","{""city"":""Toddstad"",""street_name"":""Benedict Lodge"",""street_address"":""943 Hermine Throughway"",""zip_code"":""33406-2157"",""state"":""Wyoming"",""country"":""United States"",""coordinates"":{""lat"":9.375570763149923,""lng"":-92.99500463473751}}","{""cc_number"":""4817732987147""}","{""plan"":""Diamond"",""status"":""Blocked"",""payment_method"":""Cash"",""term"":""Annual""}"
48,"8fd578c3-3d72-4e34-b434-97aa4a2c0077","GoTLvwYrQe","Bunny","Feil","bunny.feil","bunny.feil@email.com","https://robohash.org/earumetincidunt.png?size=300x300&set=set1","Genderqueer","+381 (749) 841-2502 x9560","234503449","1967-07-15","{""title"":""Investor Analyst"",""key_skill"":""Problem solving""}","{""city"":""Hilllburgh"",""street_name"":""Ledner Spring"",""street_address"":""2174 Kelley Parkways"",""zip_code"":""33026"",""state"":""Tennessee"",""country"":""United States"",""coordinates"":{""lat"":-26.408028582869235,""lng"":-69.23561925866724}}","{""cc_number"":""4423-9156-0826-9072""}","{""plan"":""Silver"",""status"":""Pending"",""payment_method"":""Google Pay"",""term"":""Payment in advance""}"
2301,"b1179261-da2b-45c2-83b9-a88cb3cf9687","6rSQIKBmsj","Jannie","Prohaska","jannie.prohaska","jannie.prohaska@email.com","https://robohash.org/suntdolorculpa.png?size=300x300&set=set1","Genderfluid","+46 148.200.4267","292411527","1983-01-12","{""title"":""Chief Manager"",""key_skill"":""Proactive""}","{""city"":""South Titus"",""street_name"":""Tony Rapids"",""street_address"":""138 Larkin Curve"",""zip_code"":""57096"",""state"":""Michigan"",""country"":""United States"",""coordinates"":{""lat"":-51.95041892079808,""lng"":-133.3827051292604}}","{""cc_number"":""4185207829032""}","{""plan"":""Standard"",""status"":""Idle"",""payment_method"":""WeChat Pay"",""term"":""Annual""}"
3250,"94b939d5-3c8e-42a3-8476-6bda0fcc94a0","nhbX5AOTdg","Raleigh","Von","raleigh.von","raleigh.von@email.com","https://robohash.org/quasofficiisnatus.png?size=300x300&set=set1","Female","+46 (716) 901-1135 x489","170504245","1979-01-17","{""title"":""Community-Services Associate"",""key_skill"":""Networking skills""}","{""city"":""North Glennis"",""street_name"":""Alta Rest"",""street_address"":""711 Feest Row"",""zip_code"":""47196-5890"",""state"":""Wyoming"",""country"":""United States"",""coordinates"":{""lat"":-6.131788312358523,""lng"":24.328796696014507}}","{""cc_number"":""6771-8987-6052-7797""}","{""plan"":""Bronze"",""status"":""Idle"",""payment_method"":""Visa checkout"",""term"":""Annual""}"
957,"3312a417-cfe8-4189-9e8b-27fd70abcaf2","wMdTDBK3xV","Efren","Denesik","efren.denesik","efren.denesik@email.com","https://robohash.org/adipiscifugitaccusantium.png?size=300x300&set=set1","Bigender","+502 (933) 179-6417","341642130","1991-09-19","{""title"":""Senior Marketing Analyst"",""key_skill"":""Problem solving""}","{""city"":""Dickihaven"",""street_name"":""Reynolds Walk"",""street_address"":""68199 Herzog Path"",""zip_code"":""82828-0217"",""state"":""Alabama"",""country"":""United States"",""coordinates"":{""lat"":31.77199713762559,""lng"":-3.4521256914792957}}","{""cc_number"":""6771-8913-4139-9422""}","{""plan"":""Basic"",""status"":""Pending"",""payment_method"":""WeChat Pay"",""term"":""Payment in advance""}"5336,"cdb4ac49-0b9a-472d-9fa6-43af17bae299","ony0Yb7VHS","Marylou","DuBuque","marylou.dubuque","marylou.dubuque@email.com","https://robohash.org/architectovelitqui.png?size=300x300&set=set1","Genderfluid","+84 1-442-818-1361 x5566","618948681","2002-05-06","{""title"":""Future Education Developer"",""key_skill"":""Networking skills""}","{""city"":""Port Kendallhaven"",""street_name"":""Franecki Ways"",""street_address"":""57199 Jonas Unions"",""zip_code"":""70474"",""state"":""Oregon"",""country"":""United States"",""coordinates"":{""lat"":65.36243124794547,""lng"":-35.32103181249394}}","{""cc_number"":""4162-9662-7866-6753""}","{""plan"":""Professional"",""status"":""Blocked"",""payment_method"":""Alipay"",""term"":""Full subscription""}"
9936,"b76e3299-5a32-4ed4-8441-bbc4bbbf799c","HR80SZlDoJ","Lynwood","Hermann","lynwood.hermann","lynwood.hermann@email.com","https://robohash.org/minimablanditiissint.png?size=300x300&set=set1","Genderfluid","+244 591.697.9357","717056907","1983-11-11","{""title"":""IT Coordinator"",""key_skill"":""Teamwork""}","{""city"":""Mayermouth"",""street_name"":""Bergstrom Station"",""street_address"":""501 Laurence Garden"",""zip_code"":""06430"",""state"":""South Dakota"",""country"":""United States"",""coordinates"":{""lat"":44.26758605946,""lng"":112.76201587034774}}","{""cc_number"":""4806-2231-5475-8896""}","{""plan"":""Starter"",""status"":""Blocked"",""payment_method"":""Google Pay"",""term"":""Full subscription""}"
9965,"572e9a7c-19f7-4c3f-b40f-6a24db7939a7","MIKtD38vVd","Savannah","Nolan","savannah.nolan","savannah.nolan@email.com","https://robohash.org/distinctionecessitatibusomnis.png?size=300x300&set=set1","Genderqueer","+231 (256) 966-0302 x9213","919229880","1961-07-13","{""title"":""Accounting Designer"",""key_skill"":""Self-motivated""}","{""city"":""South Analisa"",""street_name"":""Kemmer Roads"",""street_address"":""9707 Cedrick Lodge"",""zip_code"":""65814"",""state"":""Connecticut"",""country"":""United States"",""coordinates"":{""lat"":-33.105764490196776,""lng"":-133.8069038424738}}","{""cc_number"":""5279-3469-6706-7992""}","{""plan"":""Premium"",""status"":""Active"",""payment_method"":""Paypal"",""term"":""Payment in advance""}"
6173,"993b790b-d116-4ea3-b7f6-a9330a766fde","mGeC3WdSXR","Buck","Howell","buck.howell","buck.howell@email.com","https://robohash.org/odionumquamanimi.png?size=300x300&set=set1","Genderqueer","+63 (205) 175-6199 x33973","307033951","1991-01-03","{""title"":""Legacy Engineer"",""key_skill"":""Communication""}","{""city"":""South Anikabury"",""street_name"":""Alfredo Island"",""street_address"":""6388 Melisa Ways"",""zip_code"":""26763-4530"",""state"":""Louisiana"",""country"":""United States"",""coordinates"":{""lat"":-33.41187367650422,""lng"":30.28798169827337}}","{""cc_number"":""4446-8224-4935-4902""}","{""plan"":""Professional"",""status"":""Blocked"",""payment_method"":""WeChat Pay"",""term"":""Full subscription""}"
9058,"41dab9c7-f311-467f-9563-24fe8be3ad42","ZVktTjdxrU","Rhett","Stamm","rhett.stamm","rhett.stamm@email.com","https://robohash.org/delectusvelitdolor.png?size=300x300&set=set1","Male","+52 (617) 264-3537","186436960","1970-02-02","{""title"":""Senior Advertising Associate"",""key_skill"":""Organisation""}","{""city"":""Floydfurt"",""street_name"":""Cindy Radial"",""street_address"":""81473 Esteban Plaza"",""zip_code"":""56664"",""state"":""New Hampshire"",""country"":""United States"",""coordinates"":{""lat"":76.75505646432026,""lng"":12.526706023415443}}","{""cc_number"":""4752316311846""}","{""plan"":""Starter"",""status"":""Active"",""payment_method"":""Alipay"",""term"":""Annual""}"
7265,"108a0de4-e795-4771-a7dc-11b716ccff75","oGndryE7DI","Jacelyn","Hackett","jacelyn.hackett","jacelyn.hackett@email.com","https://robohash.org/quiipsumfacilis.png?size=300x300&set=set1","Polygender","+968 540.296.7611 x105","769442716","1994-05-06","{""title"":""Internal Planner"",""key_skill"":""Proactive""}","{""city"":""New Lady"",""street_name"":""Graham Spurs"",""street_address"":""689 Bok Point"",""zip_code"":""65817-6808"",""state"":""Colorado"",""country"":""United States"",""coordinates"":{""lat"":-20.00083603941151,""lng"":98.68083506582508}}","{""cc_number"":""5386-7199-7289-3968""}","{""plan"":""Basic"",""status"":""Pending"",""payment_method"":""Bitcoins"",""term"":""Full subscription""}"
8311,"3198e308-f6dc-4189-9944-5743bd891b27","R1feMkzCZx","Charles","Mraz","charles.mraz","charles.mraz@email.com","https://robohash.org/suntdistinctioaut.png?size=300x300&set=set1","Genderfluid","+968 890.026.5978 x435","469703185","2004-12-11","{""title"":""Investor Advertising Assistant"",""key_skill"":""Technical savvy""}","{""city"":""South Danial"",""street_name"":""Rodriguez Terrace"",""street_address"":""30330 Schiller Path"",""zip_code"":""14504"",""state"":""Texas"",""country"":""United States"",""coordinates"":{""lat"":2.685620959192704,""lng"":151.61273088490663}}","{""cc_number"":""4572481058356""}","{""plan"":""Business"",""status"":""Active"",""payment_method"":""Visa checkout"",""term"":""Monthly""}"
9369,"d0fd59d7-ad40-417d-8555-c389d0cdc130","V0CJo1q8Ms","Jan","Terry","jan.terry","jan.terry@email.com","https://robohash.org/nequeconsequaturearum.png?size=300x300&set=set1","Bigender","+213 (207) 956-9873 x0924","766249718","2005-11-28","{""title"":""Advertising Coordinator"",""key_skill"":""Proactive""}","{""city"":""Wilmachester"",""street_name"":""Nienow Crossroad"",""street_address"":""59779 Farrell Light"",""zip_code"":""48754"",""state"":""Florida"",""country"":""United States"",""coordinates"":{""lat"":-89.23641658993522,""lng"":14.241590574517488}}","{""cc_number"":""4878923429182""}","{""plan"":""Student"",""status"":""Idle"",""payment_method"":""Bitcoins"",""term"":""Monthly""}"
3569,"1d08b101-545b-4fec-83be-bd5207946e18","1DkAm4V9Wz","Merle","Wiza","merle.wiza","merle.wiza@email.com","https://robohash.org/idimpeditreiciendis.png?size=300x300&set=set1","Genderqueer","+965 304.071.3807 x53393","321057168","1962-04-14","{""title"":""Global Marketing Agent"",""key_skill"":""Leadership""}","{""city"":""Lake Rolandemouth"",""street_name"":""Jazmin Green"",""street_address"":""648 Jerde Haven"",""zip_code"":""88618-8654"",""state"":""Maine"",""country"":""United States"",""coordinates"":{""lat"":-80.74185301015429,""lng"":146.97249733713983}}","{""cc_number"":""5470-0884-1189-2610""}","{""plan"":""Silver"",""status"":""Active"",""payment_method"":""Google Pay"",""term"":""Payment in advance""}"
1618,"641660c2-f2c3-45e3-b1e6-91d9d898c76c","nImPBRUe2X","Frederick","Torp","frederick.torp","frederick.torp@email.com","https://robohash.org/quoetest.png?size=300x300&set=set1","Female","+500 (464) 046-3399 x812","350389409","1985-12-06","{""title"":""Advertising Orchestrator"",""key_skill"":""Self-motivated""}","{""city"":""Mohrstad"",""street_name"":""Hammes Freeway"",""street_address"":""335 Gislason Groves"",""zip_code"":""81931-1179"",""state"":""Nevada"",""country"":""United States"",""coordinates"":{""lat"":-43.49131888871047,""lng"":-134.52207156370338}}","{""cc_number"":""4420724186149""}","{""plan"":""Student"",""status"":""Blocked"",""payment_method"":""Bitcoins"",""term"":""Annual""}"7864,"39767467-77a5-47b7-97c4-a12f8f23217b","3Idiu0GceP","Lisandra","Bednar","lisandra.bednar","lisandra.bednar@email.com","https://robohash.org/naminvoluptatem.png?size=300x300&set=set1","Female","+381 494.554.0987 x49502","459236840","1968-09-04","{""title"":""Direct Designer"",""key_skill"":""Problem solving""}","{""city"":""Bruenview"",""street_name"":""Ruecker Islands"",""street_address"":""69434 Christel Lock"",""zip_code"":""87875"",""state"":""Mississippi"",""country"":""United States"",""coordinates"":{""lat"":85.36822737516081,""lng"":-126.07286797177036}}","{""cc_number"":""5567-8185-1235-1007""}","{""plan"":""Essential"",""status"":""Pending"",""payment_method"":""Google Pay"",""term"":""Full subscription""}"
338,"98a20d49-7d47-4282-ad9a-f0f5591839e3","qxA48wZ9eE","Karolyn","Cronin","karolyn.cronin","karolyn.cronin@email.com","https://robohash.org/quasculpadolore.png?size=300x300&set=set1","Polygender","+994 994.346.8240 x6190","389161837","1984-05-19","{""title"":""Legacy Real-Estate Manager"",""key_skill"":""Problem solving""}","{""city"":""Baumbachfurt"",""street_name"":""Stanton Turnpike"",""street_address"":""60689 Charise Radial"",""zip_code"":""18874"",""state"":""Alaska"",""country"":""United States"",""coordinates"":{""lat"":54.66245040568771,""lng"":112.36571324607144}}","{""cc_number"":""4150-1448-7213-0188""}","{""plan"":""Platinum"",""status"":""Blocked"",""payment_method"":""Credit card"",""term"":""Full subscription""}"
5342,"563bf5eb-9f0e-49fb-b432-9fa797a93236","bMYJQ2eDfp","Araceli","Zieme","araceli.zieme","araceli.zieme@email.com","https://robohash.org/istereiciendisexercitationem.png?size=300x300&set=set1","Male","+27 (191) 510-7823 x1453","614609923","2004-07-03","{""title"":""Manufacturing Producer"",""key_skill"":""Networking skills""}","{""city"":""Kuhicberg"",""street_name"":""Wilkinson Motorway"",""street_address"":""2295 Cristobal Ridges"",""zip_code"":""20131-1122"",""state"":""New York"",""country"":""United States"",""coordinates"":{""lat"":67.14363956376661,""lng"":-109.90166942144224}}","{""cc_number"":""4381331738690""}","{""plan"":""Essential"",""status"":""Pending"",""payment_method"":""Google Pay"",""term"":""Monthly""}"
9101,"e8754ce9-58ff-4a4b-beca-2f449b845d99","nQMAZb6ilN","Branden","Bartell","branden.bartell","branden.bartell@email.com","https://robohash.org/illumaaut.png?size=300x300&set=set1","Polygender","+1-670 926-789-7906 x23386","339221863","1995-10-18","{""title"":""National Farming Analyst"",""key_skill"":""Technical savvy""}","{""city"":""West Alvafurt"",""street_name"":""Schamberger Hills"",""street_address"":""729 Homenick Square"",""zip_code"":""67460"",""state"":""Montana"",""country"":""United States"",""coordinates"":{""lat"":-88.94250734395142,""lng"":-10.761789600185438}}","{""cc_number"":""5322-7023-1036-5789""}","{""plan"":""Essential"",""status"":""Pending"",""payment_method"":""Visa checkout"",""term"":""Payment in advance""}"
4578,"e83813ce-7655-4713-bf1f-e9fcc7496450","JaDGT1crhN","Iona","Abshire","iona.abshire","iona.abshire@email.com","https://robohash.org/quampossimusconsequuntur.png?size=300x300&set=set1","Agender","+685 600-103-7844 x585","961483617","1991-10-15","{""title"":""Mining Administrator"",""key_skill"":""Proactive""}","{""city"":""New Lannie"",""street_name"":""Mann Port"",""street_address"":""2898 Wisoky Gardens"",""zip_code"":""18540-1017"",""state"":""South Carolina"",""country"":""United States"",""coordinates"":{""lat"":-79.27639101915051,""lng"":-93.28850379409695}}","{""cc_number"":""4266487952775""}","{""plan"":""Standard"",""status"":""Idle"",""payment_method"":""Credit card"",""term"":""Full subscription""}"
7562,"cfed0be7-1ed3-4e11-8ba1-bfa88b0ced97","qHp6aBOniv","Lazaro","Fadel","lazaro.fadel","lazaro.fadel@email.com","https://robohash.org/quiaevenietvitae.png?size=300x300&set=set1","Female","+262 860.723.0127 x949","972383855","1978-02-15","{""title"":""Regional Technology Associate"",""key_skill"":""Networking skills""}","{""city"":""Lessieside"",""street_name"":""Bruen Stream"",""street_address"":""95400 Noelia Fords"",""zip_code"":""45543-5519"",""state"":""Utah"",""country"":""United States"",""coordinates"":{""lat"":76.37471648599137,""lng"":57.12306044291125}}","{""cc_number"":""4302804850671""}","{""plan"":""Professional"",""status"":""Pending"",""payment_method"":""Debit card"",""term"":""Annual""}"
7547,"1ec64be5-4357-4276-a330-a7b4183c080a","SPJLNXd7l0","Dee","Funk","dee.funk","dee.funk@email.com","https://robohash.org/itaquehicexpedita.png?size=300x300&set=set1","Male","+509 955-945-4891 x83814","925558058","1967-02-10","{""title"":""Advertising Manager"",""key_skill"":""Technical savvy""}","{""city"":""North Hyman"",""street_name"":""Karon Pine"",""street_address"":""97187 Bibi Junction"",""zip_code"":""27584"",""state"":""Kansas"",""country"":""United States"",""coordinates"":{""lat"":60.86025190952813,""lng"":-81.15886854276286}}","{""cc_number"":""6771-8990-5799-4955""}","{""plan"":""Essential"",""status"":""Active"",""payment_method"":""Alipay"",""term"":""Full subscription""}"
1116,"61f8a782-ca72-4bbc-b98d-2d38681b9bb7","zvb51FxcZs","Leon","Cummings","leon.cummings","leon.cummings@email.com","https://robohash.org/eumenimdolor.png?size=300x300&set=set1","Non-binary","+591 478.190.2464 x996","261450373","1997-07-07","{""title"":""Senior Advertising Producer"",""key_skill"":""Confidence""}","{""city"":""Homenickmouth"",""street_name"":""Shantel Drive"",""street_address"":""632 Upton Club"",""zip_code"":""48145"",""state"":""Mississippi"",""country"":""United States"",""coordinates"":{""lat"":66.04726737809509,""lng"":60.75439556346271}}","{""cc_number"":""5170-4012-3950-1425""}","{""plan"":""Essential"",""status"":""Pending"",""payment_method"":""Apple Pay"",""term"":""Monthly""}"
20,"a3de3fc9-00f0-4c8b-a1bd-3a3e5bdfb527","Hr3axb8wJE","Darrin","Runolfsdottir","darrin.runolfsdottir","darrin.runolfsdottir@email.com","https://robohash.org/solutaofficiaet.png?size=300x300&set=set1","Genderfluid","+1-671 (911) 749-6724 x337","470581588","1984-12-29","{""title"":""Chief Manufacturing Agent"",""key_skill"":""Networking skills""}","{""city"":""Lake Catherynberg"",""street_name"":""Barrows Pass"",""street_address"":""28536 Warner Junction"",""zip_code"":""36229"",""state"":""New Jersey"",""country"":""United States"",""coordinates"":{""lat"":33.39032943295997,""lng"":-167.4516591621041}}","{""cc_number"":""5236-7464-4081-6430""}","{""plan"":""Diamond"",""status"":""Blocked"",""payment_method"":""Cheque"",""term"":""Annual""}"
9171,"75aa20a6-1c93-482e-8195-541c40f4ec82","73fLgYUQu1","Ora","Herman","ora.herman","ora.herman@email.com","https://robohash.org/consecteturidaut.png?size=300x300&set=set1","Genderfluid","+91 764.751.8955 x294","356382473","1990-12-07","{""title"":""Principal Sales Developer"",""key_skill"":""Leadership""}","{""city"":""Madeleneville"",""street_name"":""Sherril Branch"",""street_address"":""555 Alverta Fort"",""zip_code"":""45793-9958"",""state"":""South Carolina"",""country"":""United States"",""coordinates"":{""lat"":56.76331563252086,""lng"":27.809194850787406}}","{""cc_number"":""4610-8320-9855-5840""}","{""plan"":""Essential"",""status"":""Idle"",""payment_method"":""Cash"",""term"":""Payment in advance""}"8639,"f4131905-d6c6-4555-a641-7900100888e3","ph7aw4TDdf","Jude","Wuckert","jude.wuckert","jude.wuckert@email.com","https://robohash.org/veritatisdoloresest.png?size=300x300&set=set1","Bigender","+1-939 1-309-679-9079 x634","966257149","1983-08-18","{""title"":""Customer Construction Consultant"",""key_skill"":""Proactive""}","{""city"":""Katriceport"",""street_name"":""Muller Harbors"",""street_address"":""74527 Pfannerstill Wall"",""zip_code"":""00966-5002"",""state"":""Connecticut"",""country"":""United States"",""coordinates"":{""lat"":-12.030154825522033,""lng"":-77.64162715618083}}","{""cc_number"":""4652130765252""}","{""plan"":""Essential"",""status"":""Blocked"",""payment_method"":""Cheque"",""term"":""Annual""}"
3804,"53988c3a-8bfb-4701-9855-5973d17f40cc","sDH5LSdcpa","Granville","Kshlerin","granville.kshlerin","granville.kshlerin@email.com","https://robohash.org/estexpeditamaiores.png?size=300x300&set=set1","Male","+358 882.142.8233","110031978","1980-08-22","{""title"":""Investor Associate"",""key_skill"":""Organisation""}","{""city"":""Kerryshire"",""street_name"":""Blanda Walks"",""street_address"":""654 Koch Track"",""zip_code"":""89082-2549"",""state"":""Minnesota"",""country"":""United States"",""coordinates"":{""lat"":-33.13865062705696,""lng"":28.64049728229611}}","{""cc_number"":""6771-8963-4029-9846""}","{""plan"":""Business"",""status"":""Pending"",""payment_method"":""Visa checkout"",""term"":""Full subscription""}"
3276,"c61130da-b5a1-4cb3-b8b1-f86286c9552e","o6l21kKdA5","Aline","Nader","aline.nader","aline.nader@email.com","https://robohash.org/isteamettempora.png?size=300x300&set=set1","Bigender","+31 (758) 341-1163 x60638","750641870","1963-03-17","{""title"":""Farming Assistant"",""key_skill"":""Networking skills""}","{""city"":""Tremblaytown"",""street_name"":""Darcel Mews"",""street_address"":""4669 Suellen Union"",""zip_code"":""80106-8119"",""state"":""North Dakota"",""country"":""United States"",""coordinates"":{""lat"":74.27409010392208,""lng"":-32.16126276951928}}","{""cc_number"":""6771-8993-0993-7125""}","{""plan"":""Professional"",""status"":""Active"",""payment_method"":""Alipay"",""term"":""Payment in advance""}"
9782,"d2321ee2-b1c3-4111-aee9-8d6f30398e89","ZSKdW5b8au","Rufina","Nienow","rufina.nienow","rufina.nienow@email.com","https://robohash.org/similiquevoluptatibusquo.png?size=300x300&set=set1","Bigender","+967 918-025-6605 x344","934325671","1999-06-30","{""title"":""Customer Manufacturing Executive"",""key_skill"":""Work under pressure""}","{""city"":""South Capriceport"",""street_name"":""Carroll Greens"",""street_address"":""9602 Barrows Knolls"",""zip_code"":""00893"",""state"":""Iowa"",""country"":""United States"",""coordinates"":{""lat"":-84.63039307943649,""lng"":177.61298455582897}}","{""cc_number"":""6771-8945-7658-1813""}","{""plan"":""Silver"",""status"":""Blocked"",""payment_method"":""Cash"",""term"":""Full subscription""}"
3589,"d88d12ed-1b2c-46f0-8576-fd811ab41c0f","HqVLMr4Isg","Damian","Wuckert","damian.wuckert","damian.wuckert@email.com","https://robohash.org/suntfaciliset.png?size=300x300&set=set1","Non-binary","+255 926.592.8249 x29273","281878272","1989-07-30","{""title"":""Real-Estate Assistant"",""key_skill"":""Communication""}","{""city"":""Lurlineview"",""street_name"":""Lino Fords"",""street_address"":""19197 Ronald Mews"",""zip_code"":""24407"",""state"":""Kentucky"",""country"":""United States"",""coordinates"":{""lat"":-85.69375494594586,""lng"":1.0417807206908378}}","{""cc_number"":""4505-6276-2005-9214""}","{""plan"":""Essential"",""status"":""Blocked"",""payment_method"":""WeChat Pay"",""term"":""Payment in advance""}"
6440,"f89918d2-29cd-4ea6-a133-d52cb8174e84","ZYBg51jHwN","Althea","Conroy","althea.conroy","althea.conroy@email.com","https://robohash.org/isteaenim.png?size=300x300&set=set1","Polygender","+678 (351) 235-5811 x5392","627547136","1992-12-22","{""title"":""Corporate Marketing Orchestrator"",""key_skill"":""Work under pressure""}","{""city"":""Faystad"",""street_name"":""Shan Hollow"",""street_address"":""15522 Wunsch Plaza"",""zip_code"":""76389-7881"",""state"":""Washington"",""country"":""United States"",""coordinates"":{""lat"":33.60176412677822,""lng"":-161.8458750205736}}","{""cc_number"":""6771-8925-1052-7272""}","{""plan"":""Professional"",""status"":""Pending"",""payment_method"":""Cheque"",""term"":""Full subscription""}"
5373,"2f2df59f-15ef-452f-994d-460a3c3c8f44","R1VIB0zcKS","Deana","Lehner","deana.lehner","deana.lehner@email.com","https://robohash.org/praesentiumlaboredeleniti.png?size=300x300&set=set1","Male","+376 235.103.0911 x408","671284719","1963-07-25","{""title"":""Community-Services Designer"",""key_skill"":""Confidence""}","{""city"":""Garyfort"",""street_name"":""Laverne Courts"",""street_address"":""87392 Ilana Way"",""zip_code"":""41291-0647"",""state"":""Montana"",""country"":""United States"",""coordinates"":{""lat"":-89.30067926154072,""lng"":-111.53912007953178}}","{""cc_number"":""4975-8681-6366-6855""}","{""plan"":""Platinum"",""status"":""Active"",""payment_method"":""Money transfer"",""term"":""Monthly""}"
3029,"fe9d1f1e-651a-4f9c-b241-135aa1abd028","TOMnFo85eX","Reuben","Buckridge","reuben.buckridge","reuben.buckridge@email.com","https://robohash.org/rerumautquasi.png?size=300x300&set=set1","Genderqueer","+960 991.380.3248 x4951","315744821","2000-12-20","{""title"":""Corporate Advertising Designer"",""key_skill"":""Teamwork""}","{""city"":""Lake Clemenciamouth"",""street_name"":""Bradtke Circle"",""street_address"":""394 Heller Fall"",""zip_code"":""89227"",""state"":""South Dakota"",""country"":""United States"",""coordinates"":{""lat"":-80.72586909573917,""lng"":-131.08982453179794}}","{""cc_number"":""4381-3900-3303-9021""}","{""plan"":""Bronze"",""status"":""Idle"",""payment_method"":""Debit card"",""term"":""Payment in advance""}"
9607,"751397d7-8207-456a-be50-f47c14e11008","qcPrkX7FS4","Joselyn","Legros","joselyn.legros","joselyn.legros@email.com","https://robohash.org/noncumquerecusandae.png?size=300x300&set=set1","Male","+1-868 (237) 773-7358","592053482","1984-11-02","{""title"":""District Associate"",""key_skill"":""Proactive""}","{""city"":""West Alexa"",""street_name"":""Simonis Fort"",""street_address"":""264 Leannon Valley"",""zip_code"":""84426"",""state"":""Vermont"",""country"":""United States"",""coordinates"":{""lat"":-9.337416878373844,""lng"":-126.55790005147708}}","{""cc_number"":""6771-8959-5563-5310""}","{""plan"":""Essential"",""status"":""Active"",""payment_method"":""Visa checkout"",""term"":""Monthly""}"
1821,"bd5931be-de8d-4b12-b40d-ff9a76f42897","IzSALV5TkH","Tamar","Farrell","tamar.farrell","tamar.farrell@email.com","https://robohash.org/doloremvitaepraesentium.png?size=300x300&set=set1","Agender","+98 371-060-3946 x0732","354233116","1987-12-31","{""title"":""Global Design Representative"",""key_skill"":""Proactive""}","{""city"":""Claudiefort"",""street_name"":""Aufderhar Neck"",""street_address"":""3993 Doyle River"",""zip_code"":""93708"",""state"":""Washington"",""country"":""United States"",""coordinates"":{""lat"":-6.943556247982158,""lng"":-141.88237537085908}}","{""cc_number"":""4410-7121-9062-1686""}","{""plan"":""Platinum"",""status"":""Active"",""payment_method"":""Paypal"",""term"":""Full subscription""}"6570,"1ea8c7fa-a612-4a69-84c3-0928623aff96","0iANDJO2LP","Coy","Fisher","coy.fisher","coy.fisher@email.com","https://robohash.org/asperioressuntillum.png?size=300x300&set=set1","Male","+596 1-931-538-9287","577580210","1972-01-06","{""title"":""Marketing Executive"",""key_skill"":""Organisation""}","{""city"":""Olsontown"",""street_name"":""Margurite Ramp"",""street_address"":""7589 West Extension"",""zip_code"":""19247-7701"",""state"":""Illinois"",""country"":""United States"",""coordinates"":{""lat"":3.0787426072991195,""lng"":-44.68701642786769}}","{""cc_number"":""5284-3698-8692-1076""}","{""plan"":""Free Trial"",""status"":""Idle"",""payment_method"":""Cheque"",""term"":""Annual""}"
4007,"f6b3e4c3-6476-40fd-a22f-46237ba717aa","Z97uv1Fwz2","Wade","Swift","wade.swift","wade.swift@email.com","https://robohash.org/possimusconsequaturofficia.png?size=300x300&set=set1","Polygender","+673 1-852-634-0918 x70134","543715932","1960-01-09","{""title"":""Human Specialist"",""key_skill"":""Organisation""}","{""city"":""Kallieshire"",""street_name"":""Kozey Lane"",""street_address"":""6905 O'Keefe Shoal"",""zip_code"":""40150"",""state"":""Kentucky"",""country"":""United States"",""coordinates"":{""lat"":43.892492112399054,""lng"":21.63248967926677}}","{""cc_number"":""5271-2837-1903-0770""}","{""plan"":""Standard"",""status"":""Active"",""payment_method"":""Paypal"",""term"":""Full subscription""}"
8639,"7fff9253-8bef-4e89-8cdf-ee59950f66fc","C20kcLvsFD","Morris","Donnelly","morris.donnelly","morris.donnelly@email.com","https://robohash.org/ipsumquiadolores.png?size=300x300&set=set1","Female","+358 450.668.9958 x761","146329263","1983-06-03","{""title"":""Legal Strategist"",""key_skill"":""Self-motivated""}","{""city"":""Kautzerbury"",""street_name"":""Waelchi Motorway"",""street_address"":""728 Gleichner Stravenue"",""zip_code"":""93599"",""state"":""Illinois"",""country"":""United States"",""coordinates"":{""lat"":11.889428498480726,""lng"":-104.67759781678527}}","{""cc_number"":""4423-3227-4279-7011""}","{""plan"":""Premium"",""status"":""Pending"",""payment_method"":""Apple Pay"",""term"":""Full subscription""}"
9091,"0bb8c6d6-d523-4282-bd40-0597e17ffe7f","joTMFGi6nC","Kim","Wisozk","kim.wisozk","kim.wisozk@email.com","https://robohash.org/commodidignissimosquidem.png?size=300x300&set=set1","Male","+45 774-769-2970 x4686","474167558","2003-04-12","{""title"":""Corporate Community-Services Supervisor"",""key_skill"":""Technical savvy""}","{""city"":""West Agustin"",""street_name"":""Edwina Estate"",""street_address"":""56915 Corkery Ferry"",""zip_code"":""33968-5589"",""state"":""Illinois"",""country"":""United States"",""coordinates"":{""lat"":-8.279881201065322,""lng"":174.56170915814232}}","{""cc_number"":""4155-4530-0826-3754""}","{""plan"":""Bronze"",""status"":""Blocked"",""payment_method"":""Google Pay"",""term"":""Monthly""}"
3622,"7c0b7904-110b-4f5e-af97-d812407ca937","LEFrJAyi9K","Irene","Green","irene.green","irene.green@email.com","https://robohash.org/excepturiquipossimus.png?size=300x300&set=set1","Genderfluid","+36 (902) 517-2178 x144","313360257","1997-08-21","{""title"":""Administration Consultant"",""key_skill"":""Work under pressure""}","{""city"":""North Noahburgh"",""street_name"":""Forest Villages"",""street_address"":""1661 Cruickshank Fall"",""zip_code"":""51876"",""state"":""New Hampshire"",""country"":""United States"",""coordinates"":{""lat"":48.44230790732314,""lng"":-94.33793407807276}}","{""cc_number"":""6771-8938-0017-1938""}","{""plan"":""Diamond"",""status"":""Idle"",""payment_method"":""Debit card"",""term"":""Payment in advance""}"
3230,"71e14cf0-b384-4c55-a60c-1f63771a0c0b","q87UGVklj0","Dexter","Gerhold","dexter.gerhold","dexter.gerhold@email.com","https://robohash.org/enimconsecteturasperiores.png?size=300x300&set=set1","Non-binary","+856 646.557.2884","380663880","1999-10-03","{""title"":""Dynamic Engineer"",""key_skill"":""Leadership""}","{""city"":""Mannton"",""street_name"":""Araceli Mount"",""street_address"":""964 Han Tunnel"",""zip_code"":""85203-6704"",""state"":""Montana"",""country"":""United States"",""coordinates"":{""lat"":8.770968232861733,""lng"":166.83474919917035}}","{""cc_number"":""4608556021661""}","{""plan"":""Student"",""status"":""Pending"",""payment_method"":""Cash"",""term"":""Monthly""}"
2811,"962964d3-2650-4b3b-a47b-a4321ca43ad0","ca9s3tODbL","Marie","Williamson","marie.williamson","marie.williamson@email.com","https://robohash.org/utvoluptatesaut.png?size=300x300&set=set1","Bigender","+357 862-802-1265","372055004","1996-03-25","{""title"":""Senior Agent"",""key_skill"":""Fast learner""}","{""city"":""Jenkinsmouth"",""street_name"":""Schoen Grove"",""street_address"":""25785 Tonda Forges"",""zip_code"":""73316-8439"",""state"":""New Mexico"",""country"":""United States"",""coordinates"":{""lat"":35.665170719647094,""lng"":22.760098743594966}}","{""cc_number"":""6771-8986-6300-2633""}","{""plan"":""Business"",""status"":""Active"",""payment_method"":""Paypal"",""term"":""Monthly""}"
7971,"2b8d3ca4-b4bb-4f4d-be6c-08c0f3ce5e1f","jbJAPKZ1Lv","Estelle","Graham","estelle.graham","estelle.graham@email.com","https://robohash.org/sitharumnostrum.png?size=300x300&set=set1","Bigender","+886 676.465.5623 x788","246989446","1965-06-28","{""title"":""District Manager"",""key_skill"":""Teamwork""}","{""city"":""Conroyville"",""street_name"":""Louann Canyon"",""street_address"":""4299 Hayes Drives"",""zip_code"":""78588-1011"",""state"":""New York"",""country"":""United States"",""coordinates"":{""lat"":-62.319024676411544,""lng"":-21.19315554989069}}","{""cc_number"":""6771-8961-9884-1988""}","{""plan"":""Diamond"",""status"":""Active"",""payment_method"":""Paypal"",""term"":""Monthly""}"
9612,"e65e3f2e-9bea-4aba-8f5a-b687d468106d","Sf1vY2gs4A","Dolly","Raynor","dolly.raynor","dolly.raynor@email.com","https://robohash.org/nisirerumperferendis.png?size=300x300&set=set1","Genderfluid","+243 516-058-0525 x8646","326722675","1980-11-03","{""title"":""Principal Mining Specialist"",""key_skill"":""Teamwork""}","{""city"":""Cathifort"",""street_name"":""Mosciski Mount"",""street_address"":""706 Upton Ville"",""zip_code"":""58938"",""state"":""Kentucky"",""country"":""United States"",""coordinates"":{""lat"":-15.832533508192782,""lng"":-175.43617747693034}}","{""cc_number"":""5155-4713-4137-8003""}","{""plan"":""Platinum"",""status"":""Pending"",""payment_method"":""Debit card"",""term"":""Monthly""}"
761,"1dc3a781-3d09-415d-bf65-57aa65b53d1d","rCW4xsqoaU","Long","Beier","long.beier","long.beier@email.com","https://robohash.org/laborecommodiquis.png?size=300x300&set=set1","Genderfluid","+599 232.458.6692 x375","765222773","1997-03-10","{""title"":""Design Assistant"",""key_skill"":""Networking skills""}","{""city"":""Nathaliebury"",""street_name"":""Macie Courts"",""street_address"":""65087 Quitzon Crest"",""zip_code"":""71930"",""state"":""Hawaii"",""country"":""United States"",""coordinates"":{""lat"":-19.803995010113937,""lng"":74.05537936792544}}","{""cc_number"":""6771-8960-5478-1724""}","{""plan"":""Starter"",""status"":""Active"",""payment_method"":""Alipay"",""term"":""Full subscription""}"